companyname,url,nums
﻿﻿上海众享投资管理有限公司,http://www.shuidixy.com/company_info_71279519465969230054733089744319.html,27
﻿重庆壁虎节能建材有限公司,http://www.shuidixy.com/company_info_10742416046381857259085712520670.html,2
﻿上海自在源农业发展有限公司,http://www.shuidixy.com/company_info_12497477373586629412415524056168.html,5
﻿昆山市江龙货运有限公司,http://www.shuidixy.com/company_info_44300346540348905508137983280042.html,1
﻿深圳市香丽人服饰有限公司,http://www.shuidixy.com/company_info_50504876913099581013491521127695.html,1
﻿昆明丽健康体健身有限公司,http://www.shuidixy.com/company_info_12927364477236609254503184762130.html,1
﻿河北富勤建筑劳务分包有限公司,http://www.shuidixy.com/company_info_15908319557169700870900844640998.html,1
﻿上海国豪乾越建设工程有限公司,http://www.shuidixy.com/company_info_15764751459243431995179252739037.html,5
﻿重庆市桥标建材有限公司,http://www.shuidixy.com/company_info_84203197578960410374186982537916.html,1
﻿苏州和门精密模架制造有限公司,http://www.shuidixy.com/company_info_58324463549355007953532686404739.html,1
﻿深圳市凯邦利电子科技有限公司,http://www.shuidixy.com/company_info_16806858209790347529843359504998.html,3
﻿上海嘉定雅山五金加工厂,http://www.shuidixy.com/company_info_14948132114585399989103375325573.html,1
﻿无锡鑫海航精密机械制造有限公司,http://www.shuidixy.com/company_info_15829798056511129371971888171842.html,1
﻿重庆市海平包装制品有限责任公司,http://www.shuidixy.com/company_info_35736679522932967486074789609492.html,1
﻿昆明森博贸易有限公司,http://www.shuidixy.com/company_info_92416191489359784240141665646659.html,1
﻿青岛顺日国际货运代理有限公司,http://www.shuidixy.com/company_info_10783671908706088917582660038358.html,1
﻿科普电子技术（深圳）有限公司,http://www.shuidixy.com/company_info_12894691563505585389271939057792.html,2
﻿上海金佐金属材料有限公司,http://www.shuidixy.com/company_info_55892171404167956211068906463992.html,1
﻿广州市成名皮具有限公司,http://www.shuidixy.com/company_info_53777826788781140748412571721657.html,1
﻿贵州明大科技发展有限公司,http://www.shuidixy.com/company_info_57237485111502893325380691741378.html,26
﻿深圳市春燕实业有限公司,http://www.shuidixy.com/company_info_52026663797799588018583405909223.html,53
﻿安徽中彩包装有限公司,http://www.shuidixy.com/company_info_74379457008746903081150329753178.html,1
﻿广州青妃精细化工有限公司,没有查到该企业的信息,0
﻿上海金睿智能技术有限公司,http://www.shuidixy.com/company_info_52674821355354905583547767182199.html,1
﻿苏州爱克风标文化传播有限公司,http://www.shuidixy.com/company_info_10172755820854372345078555111365.html,1
﻿昆山楚珲电子材料有限公司,http://www.shuidixy.com/company_info_71562527354486455587805860323287.html,1
﻿江阴市协诚机械制造有限公司,http://www.shuidixy.com/company_info_14920114022249883743426793853732.html,1
﻿深圳市宝安区西乡浩悦商务酒店,没有查到该企业的信息,0
﻿上海阿芙萝实业发展有限公司,http://www.shuidixy.com/company_info_14162949248520479802506305947189.html,2
﻿上海申欣纺织品有限公司,http://www.shuidixy.com/company_info_84160275432978050429375102196534.html,2
﻿深圳市晶基精密工业有限公司,http://www.shuidixy.com/company_info_14645281143621433244688157809940.html,1
﻿上海炫通印刷有限公司,http://www.shuidixy.com/company_info_37318858731323866188798054619916.html,1
﻿如君餐饮管理有限公司,没有查到该企业的信息,0
﻿锡山区云林依目了然服饰店,没有查到该企业的信息,0
﻿东莞市虎门彭伟成日用品店,没有查到该企业的信息,0
﻿深圳市海泉湾健康水疗有限公司,http://www.shuidixy.com/company_info_37016007180095768915387393686580.html,1
﻿上海冠亨实业有限公司,http://www.shuidixy.com/company_info_14290407912869937378503877744756.html,5
﻿佛山市南海区卓泓纸品厂,http://www.shuidixy.com/company_info_13334631313608232694528371764740.html,1
﻿深圳市深钜精密五金有限公司,http://www.shuidixy.com/company_info_95383059583241652070953031369678.html,4
﻿南宁市吉满印务有限公司,http://www.shuidixy.com/company_info_77271111732989705216871634324615.html,1
﻿深圳市顺景五金电子制品有限公司,http://www.shuidixy.com/company_info_36586281539630283745231224161211.html,1
﻿深圳市伟捷模具有限公司,http://www.shuidixy.com/company_info_17374918859020464431129230594642.html,5
﻿璧山县江合机械配件有限公司,没有查到该企业的信息,0
﻿宜兴市振业化工助剂有限公司,http://www.shuidixy.com/company_info_59462841613294040980401695761362.html,1
﻿青岛凯平食品有限公司,http://www.shuidixy.com/company_info_52726994041124227737609495818366.html,20
﻿重庆市北碚区康年食品有限公司,http://www.shuidixy.com/company_info_14804915502318946077435644682540.html,1
﻿昆山智博电气有限公司,http://www.shuidixy.com/company_info_15537403238098083435253063849090.html,1
﻿苏州市鑫尔特金属制品有限公司,http://www.shuidixy.com/company_info_96075460747414954540947847984648.html,1
﻿重庆市沙坪坝区永发商贸有限公司装饰材料加工厂,http://www.shuidixy.com/company_info_14184842512219518943074346495632.html,1
