companyname,url
﻿﻿上海众享投资管理有限公司,http://www.qixin.com/company/ebe4c6de-5947-4d13-86c4-c8821b1306b2
﻿﻿重庆壁虎节能建材有限公司,http://www.qixin.com/company/071f1573-d9b8-434e-a191-285e22941f34
﻿上海自在源农业发展有限公司,http://www.qixin.com/company/c0498f4c-0dfe-49f5-9337-029f9f3ca88e
﻿昆山市江龙货运有限公司,http://www.qixin.com/company/6e263cf5-0e8c-41f2-a217-4ebd5a60ed6a
﻿重庆壁虎节能建材有限公司,http://www.qixin.com/company/071f1573-d9b8-434e-a191-285e22941f34
﻿深圳市香丽人服饰有限公司,http://www.qixin.com/company/dca1aa1a-dfd1-4869-aeae-3d4239fda20d
﻿﻿昆明丽健康体健身有限公司,http://www.qixin.com/company/30d385cb-e2fa-4a40-9641-3ae05e85eb10
﻿河北富勤建筑劳务分包有限公司,http://www.qixin.com/company/b54e5ee4-fd60-44b6-95f0-37907d0ebac7
﻿﻿﻿﻿上海国豪乾越建设工程有限公司,http://www.qixin.com/company/56629184-55c6-47a9-ae92-2c3b9c71c6c3
﻿重庆市桥标建材有限公司,http://www.qixin.com/company/67f61b8f-db8e-4502-baf6-09a2ec7ab10e
﻿苏州和门精密模架制造有限公司,http://www.qixin.com/company/223c6528-0947-40a8-abb9-5c10502fe700
﻿深圳市凯邦利电子科技有限公司,http://www.qixin.com/company/eb0a58dc-0fcd-4ea8-aa38-b5966aaf12f2
﻿﻿上海嘉定雅山五金加工厂,http://www.qixin.com/company/05f60144-47a0-434f-82f1-13f98c24c277
﻿无锡鑫海航精密机械制造有限公司,http://www.qixin.com/company/41df7cfd-4691-4f28-8dae-5542bbe349b6
﻿重庆市海平包装制品有限责任公司,http://www.qixin.com/company/a82913a8-16bc-40a5-bfd4-c51a13a188a5
﻿昆明森博贸易有限公司,http://www.qixin.com/company/65900771-2f61-4b46-abd7-a4699009aa64
无锡鑫海航精密机械制造有限公司,http://www.qixin.com/company/41df7cfd-4691-4f28-8dae-5542bbe349b6
﻿﻿青岛顺日国际货运代理有限公司,http://www.qixin.com/company/0488b68f-5932-4e68-aff6-6c2ab8b9c41d
﻿上海金佐金属材料有限公司,http://www.qixin.com/company/d52132c0-5ac5-4030-9c20-07c9b88472da
﻿广州市成名皮具有限公司,http://www.qixin.com/company/9804ad31-bd40-43d7-a397-15f537ae01cd
﻿贵州明大科技发展有限公司,http://www.qixin.com/company/75c14086-07f9-4df0-a6c5-81cf1ad338b9
﻿深圳市春燕实业有限公司,http://www.qixin.com/company/6e41725e-4570-4a5e-9e2f-cc7d0c9d66d5
﻿广州青妃精细化工有限公司,http://www.qixin.com/company/6f3cc60f-dc0e-4f8b-a7af-18e7e65d47a8
﻿上海金睿智能技术有限公司,http://www.qixin.com/company/6c2cb3ce-53e9-47f0-9751-c2329b57114b
﻿苏州爱克风标文化传播有限公司,http://www.qixin.com/company/29996a03-8610-4d55-8650-47d7d7eaa824
﻿昆山楚珲电子材料有限公司,http://www.qixin.com/company/20183322-3945-44a9-b05b-d523a444821e
﻿江阴市协诚机械制造有限公司,http://www.qixin.com/company/6d5a5c51-2903-450b-9538-a87d6f0d3bff
﻿深圳市宝安区西乡浩悦商务酒店,http://www.qixin.com/company/1f0dc8d0-fdc3-432c-8ab7-00d2758c80fa
﻿上海阿芙萝实业发展有限公司,http://www.qixin.com/company/8be15a1f-e3f8-4fb4-b09f-d873d473b938
﻿上海申欣纺织品有限公司,http://www.qixin.com/company/80fb7bc4-c748-46e3-a91b-0a45089c24be
﻿深圳市晶基精密工业有限公司,http://www.qixin.com/company/3853ea72-6fcc-4527-ad04-8629698e4c0c
﻿﻿﻿上海炫通印刷有限公司,http://www.qixin.com/company/e56a1815-7c53-4925-b1ee-c3cbd43f56fd
﻿锡山区云林依目了然服饰店,http://www.qixin.com/company/91a77335-0120-47c2-92df-b9643c3f6da2
﻿东莞市虎门彭伟成日用品店,http://www.qixin.com/company/022f33c4-3987-4116-9e38-043f9c0fa9e3
﻿深圳市海泉湾健康水疗有限公司,http://www.qixin.com/company/0e1bcb08-5ccd-4503-95f3-bdca0b36ca01
﻿上海冠亨实业有限公司,http://www.qixin.com/company/83a788d1-31fc-4216-b424-3e6aef01020c
﻿深圳市深钜精密五金有限公司,http://www.qixin.com/company/15aedda9-5242-4b59-b525-e0541678183b
﻿﻿南宁市吉满印务有限公司,没有查到该企业的信息
﻿深圳市顺景五金电子制品有限公司,http://www.qixin.com/company/1412545a-ed73-4fcf-b032-86b4f3a96371
﻿深圳市伟捷模具有限公司,http://www.qixin.com/company/f4acbd1a-4b8e-45ac-ad00-9d2bddf2cf65
﻿璧山县江合机械配件有限公司,没有查到该企业的信息
﻿宜兴市振业化工助剂有限公司,http://www.qixin.com/company/c8e01c9b-dafc-4e58-8b97-ed5c471ccacd
﻿青岛凯平食品有限公司,http://www.qixin.com/company/c6fe8b3f-1ed5-4f4b-8715-c4380bd1c458
﻿重庆市北碚区康年食品有限公司,http://www.qixin.com/company/fc9e91a0-0ab1-44a1-8398-42807e012a8c
﻿昆山智博电气有限公司,http://www.qixin.com/company/c7c58cd8-7af9-4dc4-8a71-31fdde03afe5
﻿苏州市鑫尔特金属制品有限公司,http://www.qixin.com/company/5b004b6c-1d4e-4727-bbd8-bc4bba068178
﻿佛山市南海区卓泓纸品厂,http://www.qixin.com/company/1d3d2a75-0a4f-4e81-b9b5-f328bc741be6
﻿科普电子技术（深圳）有限公司,http://www.qixin.com/company/eeda9146-b2b3-42fd-a7d4-d7d25edf701f
﻿重庆市沙坪坝区永发商贸有限公司装饰材料加工厂,http://www.qixin.com/company/2ab893f5-2495-42a5-86ce-a54f8d300044
如君餐饮管理有限公司,没有查到该企业的信息
